{
  "!comment!":"This file was auto-generated by `mix phx.digest`. Remove it and all generated artefacts with `mix phx.digest.clean --all`",
  "version":1,
  "latest":{"DidoneRoomNumbers.otf":"DidoneRoomNumbers-33eb5b1e648eb771367d439914f36074.otf","assets/app.css":"assets/app-2dbe6b70580cd2a85759e531c69faacc.css","assets/app.js":"assets/app-4b3a8b559e51460a83f9a393ee215361.js","favicon.ico":"favicon-a8ca4e3a2bb8fea46a9ee9e102e7d3eb.ico","images/1.png":"images/1-2e542ed0cd6c54be1a74e388645ce250.png","images/10.png":"images/10-7095f851744c35c87b64402e1d41e9d2.png","images/11.png":"images/11-d1e86317d9ed8f5d77b35dc3ed59e847.png","images/12.png":"images/12-4d902ced383cd32a0e000bce915ccc9f.png","images/2.png":"images/2-9b0fc4dcf2ab7d68a1f0216faf2fabb0.png","images/3.png":"images/3-0af9a39c7293d92176c2a0af16037232.png","images/4.png":"images/4-ba2367da82b1a114ddf98fa636492169.png","images/5.png":"images/5-7eb131e09b594d23feb00409a200f383.png","images/6.png":"images/6-fbfa8a146624fc68367d54a4d7484058.png","images/7.png":"images/7-896e1afed420117314efcba88ab0fd6d.png","images/8.png":"images/8-7bb4972654fd940b34dee4b940e237cb.png","images/9.png":"images/9-c837d7b169965ce4b9db6dcdb1ab88a8.png","images/blank.png":"images/blank-77392803dfcdd1071daa42d1f2c6b1ae.png","images/paper_fibers.png":"images/paper_fibers-d112114058ff18d508e767e7f8334395.png","images/phoenix.png":"images/phoenix-5bd99a0d17dd41bc9d9bf6840abcc089.png","robots.txt":"robots-067185ba27a5d9139b10a759679045bf.txt","sounds/your_turn.mp3":"sounds/your_turn-ed2ba28ffbb80ccd42dbaa5beee8af89.mp3"},
  "digests":{"DidoneRoomNumbers-33eb5b1e648eb771367d439914f36074.otf":{"size":32504,"sha512":"SQcWRQl3NXsVprBwd3PzYXDmFvfDbXbR3wmh97nul1G9sIo0bC1WiZMvc59r1J5ZmPz6YRX1+/pgekQJgH7rLg==","digest":"33eb5b1e648eb771367d439914f36074","logical_path":"DidoneRoomNumbers.otf","mtime":63868659081},"assets/app-043f993d4749ccd9f0cc09f3a449df44.js":{"digest":"043f993d4749ccd9f0cc09f3a449df44","logical_path":"assets/app.js","mtime":63868630661,"sha512":"PW2KOg8N+GqshoyaEjiRgqWYTN6FMfx6rl6kOqhjfOI7m3bdmPE8TqHb2DWdWXe8B4es91/UYfYGt0Y6zBSUKA==","size":220279},"assets/app-2dbe6b70580cd2a85759e531c69faacc.css":{"size":36983,"sha512":"Azh5UC8sUjap+goQ19le2AiKMEbBuln/SpcJS9lyMNl+aCliAuf+FMHMwjEjFEfFDd/5u3GLFvnZN8uxx40P8A==","digest":"2dbe6b70580cd2a85759e531c69faacc","logical_path":"assets/app.css","mtime":63868659081},"assets/app-4b3a8b559e51460a83f9a393ee215361.js":{"size":220017,"sha512":"JHlhm4Iv75h6WlGvzqj08XlXgW2c3LT3YplMn8cdYS3vITElXSfhjSQarUyDqP3B1/hl2j9rPdnhhmO+k0FbdQ==","digest":"4b3a8b559e51460a83f9a393ee215361","logical_path":"assets/app.js","mtime":63868659081},"assets/app-f117561adcbaa13fd543cceb1d0121b4.css":{"digest":"f117561adcbaa13fd543cceb1d0121b4","logical_path":"assets/app.css","mtime":63868630661,"sha512":"vgPz9Z7PEJUonnEO08oOtkRvhAyB8n7FzWD9sl0Ohxzyf/qELXzaZf8IgDQkIDIDIwNg3mTHHVdHQIgMdQaGTA==","size":45061},"favicon-a8ca4e3a2bb8fea46a9ee9e102e7d3eb.ico":{"size":1258,"sha512":"vCKvNNXeSP/2RRr6IN8PVa8/Hl6ImUO7miAOIMABYwbCzlm0UTRsY30uYb1k5gcCOPIsv6nZuFlJj/h8z+InzQ==","digest":"a8ca4e3a2bb8fea46a9ee9e102e7d3eb","logical_path":"favicon.ico","mtime":63868659081},"images/1-2e542ed0cd6c54be1a74e388645ce250.png":{"size":25229,"sha512":"Vrgi/l2j1G1Uix6c0xtD43ib1g0gTlE/NmiW+xotXeWfguafv6Tuoxd2M7rI104o6zaEHyuwI41vO/4vV+5RqA==","digest":"2e542ed0cd6c54be1a74e388645ce250","logical_path":"images/1.png","mtime":63868659081},"images/10-7095f851744c35c87b64402e1d41e9d2.png":{"size":62060,"sha512":"/Vx0jHvs8OwWHW+q1RM7/i+y/TTd+BJMrAilEOOzV8/1J3DcEC3Cen3KvSHsqD2MEWHuTHeusi4nEef7obz9cg==","digest":"7095f851744c35c87b64402e1d41e9d2","logical_path":"images/10.png","mtime":63868659081},"images/11-d1e86317d9ed8f5d77b35dc3ed59e847.png":{"size":240095,"sha512":"JKMchMxiLEMPjI4UJa0CV/iX32/SQYMqYYdIjN+F4caRRf31jmmOgUCVPpnkitWb9N8nMccoModOl/PmFldGZA==","digest":"d1e86317d9ed8f5d77b35dc3ed59e847","logical_path":"images/11.png","mtime":63868659081},"images/12-4d902ced383cd32a0e000bce915ccc9f.png":{"size":68299,"sha512":"BrxMkEuMxUgGqwjiJg1DCTTZqGblGZ6PeiDrN4Z7kVc1y3Z62xuzLjHr5hD0G+8uOwv2IlfEooB1sV/6wrGROA==","digest":"4d902ced383cd32a0e000bce915ccc9f","logical_path":"images/12.png","mtime":63868659081},"images/2-9b0fc4dcf2ab7d68a1f0216faf2fabb0.png":{"size":274004,"sha512":"/W5Cv/M035qrjQu/o13QnNcCSKk/Ezyxmwq3aSCxFt84652Bbuj1iM3VWFM8JIB0WIUu6lDH6B2EcQ66KR2hqA==","digest":"9b0fc4dcf2ab7d68a1f0216faf2fabb0","logical_path":"images/2.png","mtime":63868659081},"images/3-0af9a39c7293d92176c2a0af16037232.png":{"size":77391,"sha512":"iSekQSHhOU8QmQ1mDeVaDUMlZwo8z8/o4qLWgWNSlZfAic85PtbGb58ROVVMCAp84vJSOrqOhGBcpTEkoHVkYA==","digest":"0af9a39c7293d92176c2a0af16037232","logical_path":"images/3.png","mtime":63868659081},"images/4-ba2367da82b1a114ddf98fa636492169.png":{"size":39241,"sha512":"eWYlIwjour50K7//qQ60noaD0tRv+YlHm3/dOB/4ev3ecq5e2gH4A0CnPqGoCPE3pKvXacV+QL7AlQIAjCsEMw==","digest":"ba2367da82b1a114ddf98fa636492169","logical_path":"images/4.png","mtime":63868659081},"images/5-7eb131e09b594d23feb00409a200f383.png":{"size":71285,"sha512":"VXO52pZbg9kjqd7E2dUwApp21OA7WyzMh4w9qWrYn3k3AgyD3oHoEHFLjtD6yeut37kiIyGhw2b93z9+zvV/uQ==","digest":"7eb131e09b594d23feb00409a200f383","logical_path":"images/5.png","mtime":63868659081},"images/6-fbfa8a146624fc68367d54a4d7484058.png":{"size":66295,"sha512":"Q9INzCuHwn254wu/Aa3OkPdtBCarWPFLjwBMahaS5kfFjniEi9m7mJoGXd3vAOGKheFBLITl2fx6tDrBLgDFMg==","digest":"fbfa8a146624fc68367d54a4d7484058","logical_path":"images/6.png","mtime":63868659081},"images/7-896e1afed420117314efcba88ab0fd6d.png":{"size":54969,"sha512":"jlFiqgpdJ9k2bhYcThxPPFVqB9x8EkKBIe3dYMaWGV40ne9IbWvg0D277KUwtNmcklCBScBZf5PKsGmDrq7irA==","digest":"896e1afed420117314efcba88ab0fd6d","logical_path":"images/7.png","mtime":63868659081},"images/8-7bb4972654fd940b34dee4b940e237cb.png":{"size":64490,"sha512":"UXz8MakcJXPq6kIXkDMJEd/v23jKuqkS0trHlZ9BcPMER75S2lmc5k0CsLg8CLkeDGf2nmIOkZwjDHN0fTgV1g==","digest":"7bb4972654fd940b34dee4b940e237cb","logical_path":"images/8.png","mtime":63868659081},"images/9-c837d7b169965ce4b9db6dcdb1ab88a8.png":{"size":65772,"sha512":"H8QWgA3T34jTrvBndgLt6VZd9rZ9OrmTmyS7tfBW8wEjB4/zuxikmsoxm7Z8AA9ugMkEA+PcQvsy4GKZ39f4RA==","digest":"c837d7b169965ce4b9db6dcdb1ab88a8","logical_path":"images/9.png","mtime":63868659081},"images/blank-77392803dfcdd1071daa42d1f2c6b1ae.png":{"size":2601531,"sha512":"xohSaTJHPrILk0zlcCqXzbk6tSjim4P7VVBTrhI2QHn4cmcojqarup0X/oRvsNq++bOYG11gE5MSlcvZLpt7vg==","digest":"77392803dfcdd1071daa42d1f2c6b1ae","logical_path":"images/blank.png","mtime":63868659081},"images/paper_fibers-d112114058ff18d508e767e7f8334395.png":{"size":74094,"sha512":"kWhTJOEQG6AwRPI7AZ3BQoyEj2GmgCZ8+7kSTYf0FH71WaG0z8gHm8oj8ANjSpHQq+9p0baVwBlgeC8WF0GXtg==","digest":"d112114058ff18d508e767e7f8334395","logical_path":"images/paper_fibers.png","mtime":63868659081},"images/phoenix-5bd99a0d17dd41bc9d9bf6840abcc089.png":{"size":13900,"sha512":"93pY5dBa8nHHi0Zfj75O/vXCBXb+UvEVCyU7Yd3pzOJ7o1wkYBWbvs3pVXhBChEmo8MDANT11vsggo2+bnYqoQ==","digest":"5bd99a0d17dd41bc9d9bf6840abcc089","logical_path":"images/phoenix.png","mtime":63868659081},"robots-067185ba27a5d9139b10a759679045bf.txt":{"size":202,"sha512":"8FA6TZeCo3hFYcQ+9knbh3TrhkqGzYJx/uD5yRvggwM7gwfBPrPGqqrbVTZjnnnvlsw1zs1WJTPYez1zr/U4ug==","digest":"067185ba27a5d9139b10a759679045bf","logical_path":"robots.txt","mtime":63868659081},"sounds/your_turn-ed2ba28ffbb80ccd42dbaa5beee8af89.mp3":{"size":51827,"sha512":"t5/MNCSfHQWovvJysr+HnjU3z7cAGlt+KlXRp0eJepjwxmsPaCD2H3q9k67F4dRVrJTnJZC0FeoZWH5m+xOnNg==","digest":"ed2ba28ffbb80ccd42dbaa5beee8af89","logical_path":"sounds/your_turn.mp3","mtime":63868659081}}
}
